사고번호,사고일시,요일,시군구,도로명,사고내용,사망자수,중상자수,경상자수,부상신고자수,사고유형,법규위반,노면상태,기상상태,도로형태,가해운전자 차종,가해운전자 성별,가해운전자 연령,가해운전자 상해정도,피해운전자 차종,피해운전자 성별,피해운전자 연령,피해운전자 상해정도
2.02E+15,2019년 5월 4일 16시,토요일,서울특별시 성북구 보문동7가,안암로5길,경상사고,0,0,1,0,차대사람 - 기타,안전운전불이행,포장 - 건조,맑음,단일로 - 기타,자전거,남,15세,상해없음,보행자,남,90세 이상,경상
2.02E+15,2019년 8월 14일 04시,수요일,서울특별시 성북구 종암동,종암로,중상사고,0,1,0,0,차대사람 - 횡단중,안전운전불이행,포장 - 건조,흐림,단일로 - 기타,승용,여,60세,상해없음,보행자,여,90세 이상,중상
2.02E+15,2019년 2월 15일 21시,금요일,서울특별시 성북구 정릉동,북악산로,사망사고,1,0,0,0,차대사람 - 횡단중,보행자보호의무위반,포장 - 건조,맑음,단일로 - 기타,승용,남,38세,상해없음,보행자,남,89세,사망
2.02E+15,2019년 5월 22일 12시,수요일,서울특별시 성북구 안암동3가,고려대로14길,경상사고,0,0,1,0,차대사람 - 기타,안전운전불이행,포장 - 건조,맑음,단일로 - 기타,승용,여,40세,상해없음,보행자,여,88세,경상
2.02E+15,2019년 1월 9일 22시,수요일,서울특별시 성북구 삼선동3가,보문로29다길,중상사고,0,1,0,0,차대사람 - 횡단중,안전운전불이행,포장 - 건조,맑음,단일로 - 기타,이륜,남,23세,상해없음,보행자,여,87세,중상
2.02E+15,2019년 12월 4일 13시,수요일,서울특별시 성북구 하월곡동,화랑로13길,부상신고사고,0,0,0,1,차대사람 - 횡단중,보행자보호의무위반,포장 - 건조,맑음,단일로 - 기타,승용,여,45세,상해없음,보행자,여,87세,부상신고
2.02E+15,2019년 7월 17일 14시,수요일,서울특별시 성북구 하월곡동,화랑로,중상사고,0,1,0,0,차대사람 - 기타,안전운전불이행,포장 - 건조,맑음,교차로 - 교차로안,승합,남,68세,상해없음,보행자,여,86세,중상
2.02E+15,2019년 4월 22일 09시,월요일,서울특별시 성북구 하월곡동,화랑로13길,중상사고,0,1,0,0,차대사람 - 횡단중,보행자보호의무위반,포장 - 건조,맑음,단일로 - 기타,승용,남,28세,상해없음,보행자,여,86세,중상
2.02E+15,2019년 1월 30일 19시,수요일,서울특별시 성북구 장위동,한천로,중상사고,0,1,0,0,차대사람 - 기타,안전운전불이행,포장 - 건조,흐림,단일로 - 기타,승용,남,63세,상해없음,보행자,여,86세,중상
2.02E+15,2019년 10월 31일 11시,목요일,서울특별시 성북구 동선동4가,아리랑로4길,중상사고,0,1,0,0,차대사람 - 기타,안전운전불이행,포장 - 건조,맑음,교차로 - 교차로안,승용,남,33세,상해없음,보행자,여,85세,중상
2.02E+15,2019년 11월 26일 11시,화요일,서울특별시 성북구 안암동5가,안암로,중상사고,0,1,0,0,차대사람 - 기타,기타,포장 - 건조,맑음,단일로 - 기타,자전거,여,22세,상해없음,보행자,여,85세,중상
2.02E+15,2019년 12월 11일 14시,수요일,서울특별시 성북구 안암동5가,고려대로,부상신고사고,0,0,0,1,차대사람 - 횡단중,중앙선침범,포장 - 건조,맑음,단일로 - 기타,이륜,남,34세,상해없음,보행자,남,85세,부상신고
2.02E+15,2019년 10월 2일 08시,수요일,서울특별시 성북구 하월곡동,화랑로5길,중상사고,0,1,0,0,차대사람 - 기타,안전운전불이행,포장 - 건조,맑음,단일로 - 기타,승용,남,45세,기타불명,보행자,여,85세,중상
2.02E+15,2019년 11월 11일 17시,월요일,서울특별시 성북구 상월곡동,장월로,중상사고,0,1,0,0,차대사람 - 횡단중,보행자보호의무위반,포장 - 건조,흐림,교차로 - 교차로안,승용,여,34세,상해없음,보행자,남,85세,중상
2.02E+15,2019년 12월 24일 09시,화요일,서울특별시 성북구 장위동,화랑로19길,중상사고,0,1,0,0,차대사람 - 기타,보행자보호의무위반,포장 - 건조,맑음,기타 - 기타,승용,남,68세,상해없음,보행자,여,85세,중상
2.02E+15,2019년 11월 23일 11시,토요일,서울특별시 성북구 장위동,돌곶이로27길,중상사고,0,1,0,0,차대사람 - 차도통행중,안전운전불이행,포장 - 건조,맑음,교차로 - 교차로안,화물,남,54세,상해없음,보행자,여,85세,중상
2.02E+15,2019년 3월 16일 15시,토요일,서울특별시 성북구 동선동4가,아리랑로,중상사고,0,1,0,0,차대사람 - 차도통행중,안전운전불이행,포장 - 건조,맑음,교차로 - 교차로부근,승용,남,60세,상해없음,보행자,여,84세,중상
2.02E+15,2019년 8월 29일 14시,목요일,서울특별시 성북구 안암동5가,고려대로,경상사고,0,0,2,0,차대사람 - 기타,기타,포장 - 건조,맑음,기타 - 기타,이륜,남,76세,상해없음,보행자,남,84세,경상
2.02E+15,2019년 10월 21일 17시,월요일,서울특별시 성북구 성북동,성북로,중상사고,0,1,0,0,차대차 - 측면충돌,안전운전불이행,포장 - 건조,맑음,교차로 - 교차로안,승용,남,66세,상해없음,자전거,남,83세,중상
2.02E+15,2019년 6월 4일 15시,화요일,서울특별시 성북구 돈암동,아리랑로,중상사고,0,1,1,0,차대사람 - 횡단중,신호위반,포장 - 건조,맑음,교차로 - 교차로횡단보도내,자전거,남,12세,경상,보행자,여,83세,중상
2.02E+15,2019년 5월 7일 11시,화요일,서울특별시 성북구 동선동4가,동소문로26다길,중상사고,0,1,0,0,차대사람 - 횡단중,보행자보호의무위반,포장 - 건조,맑음,교차로 - 교차로부근,승용,남,45세,상해없음,보행자,여,83세,중상
2.02E+15,2019년 1월 31일 07시,목요일,서울특별시 성북구 정릉동,서경로,중상사고,0,1,0,0,차대사람 - 횡단중,안전운전불이행,포장 - 건조,맑음,교차로 - 교차로안,승용,여,40세,상해없음,보행자,여,83세,중상
2.02E+15,2019년 10월 31일 16시,목요일,서울특별시 성북구 정릉동,보국문로16길,중상사고,0,1,0,0,차대사람 - 기타,안전운전불이행,포장 - 건조,맑음,단일로 - 기타,승용,남,38세,상해없음,보행자,남,83세,중상
2.02E+15,2019년 1월 27일 14시,일요일,서울특별시 성북구 정릉동,보국문로11길,중상사고,0,1,0,0,차대사람 - 기타,안전운전불이행,포장 - 건조,맑음,단일로 - 기타,화물,남,49세,상해없음,보행자,여,83세,중상
2.02E+15,2019년 9월 24일 13시,화요일,서울특별시 성북구 돈암동,동소문로,경상사고,0,0,1,0,차대사람 - 횡단중,신호위반,포장 - 건조,맑음,단일로 - 기타,화물,남,47세,상해없음,보행자,여,82세,경상
2.02E+15,2019년 12월 3일 18시,화요일,서울특별시 성북구 정릉동,북악산로,중상사고,0,1,0,0,차대사람 - 횡단중,보행자보호의무위반,포장 - 건조,흐림,교차로 - 교차로안,화물,남,47세,상해없음,보행자,남,82세,중상
2.02E+15,2019년 8월 21일 11시,수요일,서울특별시 성북구 종암동,종암로,경상사고,0,0,1,0,차대사람 - 횡단중,보행자보호의무위반,포장 - 건조,맑음,교차로 - 교차로횡단보도내,승용,여,60세,상해없음,보행자,여,82세,경상
2.02E+15,2019년 12월 22일 10시,일요일,서울특별시 성북구 삼선동2가,삼선교로16길,경상사고,0,0,1,0,차대차 - 측면충돌,직진우회전진행방해,포장 - 건조,맑음,교차로 - 교차로안,승용,여,42세,상해없음,이륜,남,81세,경상
2.02E+15,2019년 2월 24일 16시,일요일,서울특별시 성북구 종암동,종암로,중상사고,0,1,0,0,차대사람 - 차도통행중,안전운전불이행,포장 - 건조,맑음,교차로 - 교차로부근,승용,남,69세,상해없음,보행자,여,81세,중상
2.02E+15,2019년 1월 2일 15시,수요일,서울특별시 성북구 하월곡동,화랑로11길,경상사고,0,0,1,0,차대사람 - 횡단중,보행자보호의무위반,포장 - 건조,맑음,교차로 - 교차로횡단보도내,승용,남,65세,상해없음,보행자,여,81세,경상
2.02E+15,2019년 1월 26일 21시,토요일,서울특별시 성북구 하월곡동,오패산로,경상사고,0,0,1,0,차대사람 - 기타,안전운전불이행,포장 - 건조,맑음,교차로 - 교차로안,이륜,남,64세,기타불명,보행자,여,81세,경상
2.02E+15,2019년 10월 25일 16시,금요일,서울특별시 성북구 하월곡동,오패산로,중상사고,0,1,0,0,차대사람 - 길가장자리구역통행중,안전운전불이행,포장 - 건조,맑음,단일로 - 기타,화물,남,65세,상해없음,보행자,여,81세,중상
2.02E+15,2019년 12월 4일 11시,수요일,서울특별시 성북구 보문동1가,보문로30길,중상사고,0,1,0,0,차대차 - 측면충돌,교차로운행방법위반,포장 - 건조,맑음,단일로 - 기타,승용,남,38세,상해없음,자전거,남,80세,중상
2.02E+15,2019년 6월 28일 20시,금요일,서울특별시 성북구 정릉동,보국문로,중상사고,0,1,0,0,차대사람 - 기타,안전운전불이행,포장 - 건조,맑음,단일로 - 기타,승합,남,45세,상해없음,보행자,여,80세,중상
2.02E+15,2019년 5월 31일 19시,금요일,서울특별시 성북구 종암동,월곡로,중상사고,0,1,0,0,차대사람 - 횡단중,신호위반,포장 - 건조,맑음,교차로 - 교차로안,승용,여,34세,상해없음,보행자,여,80세,중상
2.02E+15,2019년 1월 24일 18시,목요일,서울특별시 성북구 보문동4가,보문로,경상사고,0,0,1,0,차대사람 - 차도통행중,신호위반,포장 - 건조,맑음,교차로 - 교차로안,승용,남,32세,상해없음,보행자,남,79세,경상
2.02E+15,2019년 5월 6일 19시,월요일,서울특별시 성북구 정릉동,솔샘로,중상사고,0,1,0,0,차대사람 - 횡단중,안전운전불이행,포장 - 건조,맑음,교차로 - 교차로횡단보도내,승용,남,41세,상해없음,보행자,남,79세,중상
2.02E+15,2019년 7월 18일 10시,목요일,서울특별시 성북구 정릉동,북악산로,중상사고,0,1,0,0,차대사람 - 횡단중,안전운전불이행,포장 - 건조,맑음,단일로 - 기타,건설기계,남,58세,상해없음,보행자,여,79세,중상
2.02E+15,2019년 1월 18일 10시,금요일,서울특별시 성북구 장위동,장월로,경상사고,0,0,1,0,차대사람 - 횡단중,안전운전불이행,포장 - 건조,맑음,단일로 - 기타,승용,남,54세,상해없음,보행자,남,79세,경상
2.02E+15,2019년 10월 30일 14시,수요일,서울특별시 성북구 성북동1가,성북로,경상사고,0,0,3,0,차대차 - 측면충돌,신호위반,포장 - 건조,맑음,단일로 - 기타,승합,남,60세,상해없음,승용,남,78세,경상
2.02E+15,2019년 4월 12일 18시,금요일,서울특별시 성북구 안암동1가,보문로30가길,경상사고,0,0,1,0,차대사람 - 기타,안전운전불이행,포장 - 건조,맑음,단일로 - 기타,승합,남,67세,상해없음,보행자,남,78세,경상
2.02E+15,2019년 7월 1일 10시,월요일,서울특별시 성북구 안암동4가,안암로5길,중상사고,0,1,0,0,차대사람 - 횡단중,보행자보호의무위반,포장 - 건조,맑음,단일로 - 기타,화물,남,47세,상해없음,보행자,여,78세,중상
2.02E+15,2019년 6월 28일 20시,금요일,서울특별시 성북구 종암동,회기로,경상사고,0,0,1,0,차대사람 - 횡단중,안전운전불이행,포장 - 건조,맑음,교차로 - 교차로안,승용,남,61세,상해없음,보행자,여,78세,경상
2.02E+15,2019년 7월 17일 16시,수요일,서울특별시 성북구 종암동,종암로,경상사고,0,0,1,0,차대사람 - 횡단중,안전운전불이행,포장 - 건조,맑음,단일로 - 기타,승용,남,59세,상해없음,보행자,여,78세,경상
2.02E+15,2019년 3월 11일 08시,월요일,서울특별시 성북구 장위동,화랑로25길,중상사고,0,1,0,0,차대사람 - 횡단중,보행자보호의무위반,포장 - 건조,맑음,교차로 - 교차로안,승용,남,52세,상해없음,보행자,여,78세,중상
2.02E+15,2019년 1월 31일 17시,목요일,서울특별시 성북구 장위동,화랑로25길,경상사고,0,0,1,0,차대사람 - 차도통행중,안전운전불이행,포장 - 건조,맑음,교차로 - 교차로안,승용,여,54세,상해없음,보행자,여,78세,경상
2.02E+15,2019년 8월 25일 15시,일요일,서울특별시 성북구 성북동,성북로,중상사고,0,1,0,0,차대사람 - 기타,기타,포장 - 건조,맑음,기타 - 기타,승합,남,28세,상해없음,보행자,여,77세,중상
2.02E+15,2019년 12월 9일 17시,월요일,서울특별시 성북구 보문동6가,보문사길,경상사고,0,0,1,0,차대사람 - 횡단중,보행자보호의무위반,포장 - 건조,맑음,단일로 - 기타,이륜,남,43세,상해없음,보행자,남,77세,경상
2.02E+15,2019년 1월 31일 10시,목요일,서울특별시 성북구 정릉동,보국문로11길,중상사고,0,1,0,0,차대사람 - 횡단중,안전운전불이행,포장 - 건조,맑음,교차로 - 교차로부근,승용,여,57세,상해없음,보행자,여,77세,중상
2.02E+15,2019년 10월 24일 10시,목요일,서울특별시 성북구 길음동,길음로7길,중상사고,0,1,0,0,차대사람 - 횡단중,보행자보호의무위반,포장 - 건조,맑음,단일로 - 기타,승용,여,41세,상해없음,보행자,여,77세,중상
2.02E+15,2019년 8월 21일 18시,수요일,서울특별시 성북구 종암동,종암로,경상사고,0,0,1,0,차대차 - 측면충돌,신호위반,포장 - 젖음/습기,비,교차로 - 교차로횡단보도내,이륜,남,39세,상해없음,자전거,남,77세,경상
2.02E+15,2019년 3월 20일 11시,수요일,서울특별시 성북구 하월곡동,오패산로,중상사고,0,1,0,0,차대사람 - 횡단중,신호위반,포장 - 건조,맑음,단일로 - 기타,화물,남,52세,상해없음,보행자,여,77세,중상
2.02E+15,2019년 1월 11일 10시,금요일,서울특별시 성북구 장위동,돌곶이로27길,경상사고,0,0,1,0,차대사람 - 횡단중,안전운전불이행,포장 - 건조,맑음,교차로 - 교차로안,화물,남,59세,상해없음,보행자,남,77세,경상
2.02E+15,2019년 5월 14일 19시,화요일,서울특별시 성북구 장위동,장월로,중상사고,0,1,1,0,차대사람 - 횡단중,보행자보호의무위반,포장 - 건조,맑음,교차로 - 교차로부근,이륜,남,28세,상해없음,보행자,여,77세,중상
2.02E+15,2019년 9월 9일 12시,월요일,서울특별시 성북구 석관동,돌곶이로,중상사고,0,1,0,0,차대차 - 측면충돌,안전운전불이행,포장 - 건조,맑음,교차로 - 교차로안,이륜,남,25세,상해없음,자전거,남,77세,중상
2.02E+15,2019년 2월 7일 07시,목요일,서울특별시 성북구 동소문동7가,아리랑로5길,중상사고,0,1,0,0,차대사람 - 횡단중,보행자보호의무위반,포장 - 젖음/습기,비,단일로 - 기타,승용,남,64세,상해없음,보행자,여,76세,중상
2.02E+15,2019년 11월 21일 10시,목요일,서울특별시 성북구 삼선동5가,삼선교로,중상사고,0,1,0,0,차대사람 - 횡단중,안전운전불이행,포장 - 건조,맑음,단일로 - 기타,승용,여,48세,상해없음,보행자,여,76세,중상
2.02E+15,2019년 11월 9일 17시,토요일,서울특별시 성북구 안암동5가,고려대로24길,중상사고,0,1,0,0,차대사람 - 차도통행중,안전운전불이행,포장 - 건조,맑음,단일로 - 기타,승용,남,54세,상해없음,보행자,남,76세,중상
2.02E+15,2019년 1월 19일 15시,토요일,서울특별시 성북구 정릉동,정릉로,중상사고,0,1,0,0,차대차 - 추돌,안전운전불이행,포장 - 건조,맑음,단일로 - 터널,승용,여,46세,상해없음,원동기,남,76세,중상
2.02E+15,2019년 7월 10일 14시,수요일,서울특별시 성북구 정릉동,보국문로,경상사고,0,0,1,0,차대사람 - 횡단중,신호위반,포장 - 건조,흐림,교차로 - 교차로횡단보도내,화물,남,64세,상해없음,보행자,남,76세,경상
2.02E+15,2019년 10월 28일 13시,월요일,서울특별시 성북구 종암동,종암로30길,경상사고,0,0,1,0,차대차 - 측면충돌,신호위반,포장 - 건조,맑음,교차로 - 교차로부근,승용,남,42세,상해없음,자전거,남,76세,경상
2.02E+15,2019년 11월 30일 13시,토요일,서울특별시 성북구 하월곡동,종암로,중상사고,0,1,0,0,차대차 - 측면충돌,안전운전불이행,포장 - 건조,흐림,단일로 - 기타,원동기,남,25세,상해없음,개인형이동수단(PM),남,76세,중상
2.02E+15,2019년 5월 2일 10시,목요일,서울특별시 성북구 장위동,화랑로,경상사고,0,0,1,0,차대사람 - 보도통행중,안전운전불이행,포장 - 건조,맑음,단일로 - 기타,승용,여,50세,상해없음,보행자,남,76세,경상
2.02E+15,2019년 5월 20일 07시,월요일,서울특별시 성북구 장위동,화랑로,사망사고,1,0,0,0,차대사람 - 기타,안전운전불이행,포장 - 건조,맑음,교차로 - 교차로횡단보도내,승합,남,55세,상해없음,보행자,남,76세,사망
2.02E+15,2019년 1월 2일 11시,수요일,서울특별시 성북구 안암동5가,고려대로14길,경상사고,0,0,1,0,차대차 - 측면충돌,신호위반,포장 - 건조,맑음,교차로 - 교차로안,승용,여,44세,상해없음,승용,남,75세,경상
2.02E+15,2019년 7월 24일 17시,수요일,서울특별시 성북구 정릉동,보국문로11길,경상사고,0,0,1,0,차대사람 - 기타,안전운전불이행,포장 - 건조,맑음,단일로 - 기타,승용,여,34세,상해없음,보행자,여,75세,경상
2.02E+15,2019년 9월 27일 20시,금요일,서울특별시 성북구 정릉동,정릉로10길,중상사고,0,1,0,0,차대사람 - 횡단중,안전운전불이행,포장 - 건조,맑음,교차로 - 교차로안,승용,남,28세,상해없음,보행자,여,75세,중상
2.02E+15,2019년 12월 30일 19시,월요일,서울특별시 성북구 길음동,서경로6길,경상사고,0,0,1,0,차대사람 - 횡단중,보행자보호의무위반,포장 - 건조,맑음,단일로 - 기타,승용,남,52세,상해없음,보행자,남,75세,경상
2.02E+15,2019년 12월 2일 16시,월요일,서울특별시 성북구 길음동,동소문로,경상사고,0,0,1,0,차대사람 - 기타,안전운전불이행,포장 - 건조,맑음,교차로 - 교차로부근,승용,남,69세,상해없음,보행자,남,75세,경상
2.02E+15,2019년 6월 6일 19시,목요일,서울특별시 성북구 하월곡동,오패산로3길,경상사고,0,0,1,0,차대차 - 측면충돌,안전운전불이행,포장 - 젖음/습기,비,단일로 - 기타,이륜,남,17세,상해없음,기타불명,여,75세,경상
2.02E+15,2019년 6월 1일 11시,토요일,서울특별시 성북구 하월곡동,종암로,부상신고사고,0,0,0,1,차대차 - 기타,기타,포장 - 건조,맑음,단일로 - 기타,이륜,남,35세,부상신고,승용,남,75세,상해없음
2.02E+15,2019년 1월 25일 11시,금요일,서울특별시 성북구 상월곡동,화랑로,경상사고,0,0,1,0,차대차 - 측면충돌,안전거리미확보,포장 - 건조,맑음,단일로 - 기타,화물,남,65세,상해없음,자전거,남,75세,경상
2.02E+15,2019년 1월 2일 10시,수요일,서울특별시 성북구 상월곡동,장월로,중상사고,0,1,0,0,차대사람 - 횡단중,보행자보호의무위반,포장 - 건조,맑음,교차로 - 교차로횡단보도내,승용,남,46세,상해없음,보행자,남,75세,중상
2.02E+15,2019년 11월 25일 09시,월요일,서울특별시 성북구 상월곡동,장월로,경상사고,0,0,1,0,차대차 - 기타,안전운전불이행,포장 - 건조,맑음,교차로 - 교차로부근,승용,남,51세,상해없음,자전거,여,75세,경상
2.02E+15,2019년 6월 28일 10시,금요일,서울특별시 성북구 장위동,화랑로,중상사고,0,1,2,0,차대차 - 측면충돌,안전거리미확보,포장 - 건조,맑음,교차로 - 교차로부근,원동기,여,59세,중상,승용,남,75세,경상
2.02E+15,2019년 6월 1일 09시,토요일,서울특별시 성북구 장위동,장위로,중상사고,0,1,0,0,차대사람 - 횡단중,중앙선침범,포장 - 건조,맑음,교차로 - 교차로안,이륜,남,46세,상해없음,보행자,여,75세,중상
2.02E+15,2019년 11월 7일 20시,목요일,서울특별시 성북구 석관동,한천로66길,경상사고,0,0,1,0,차대차 - 측면충돌,안전운전불이행,포장 - 건조,맑음,교차로 - 교차로안,기타불명,기타불명,미분류,기타불명,자전거,남,75세,경상
2.02E+15,2019년 12월 10일 07시,화요일,서울특별시 성북구 석관동,한천로,사망사고,1,0,0,0,차대사람 - 차도통행중,안전운전불이행,포장 - 건조,맑음,교차로 - 교차로부근,화물,남,63세,상해없음,보행자,여,75세,사망
2.02E+15,2019년 9월 19일 05시,목요일,서울특별시 성북구 돈암동,아리랑로,중상사고,0,1,0,0,차대사람 - 기타,안전운전불이행,포장 - 건조,맑음,교차로 - 교차로부근,승용,남,64세,상해없음,보행자,여,74세,중상
2.02E+15,2019년 3월 8일 16시,금요일,서울특별시 성북구 정릉동,정릉로24길,중상사고,0,1,0,0,차대사람 - 횡단중,보행자보호의무위반,포장 - 건조,맑음,단일로 - 기타,화물,남,32세,상해없음,보행자,여,74세,중상
2.02E+15,2019년 12월 10일 18시,화요일,서울특별시 성북구 길음동,삼양로13길,중상사고,0,1,0,0,차대사람 - 횡단중,신호위반,포장 - 건조,맑음,단일로 - 기타,승합,남,34세,상해없음,보행자,여,74세,중상
2.02E+15,2019년 11월 30일 13시,토요일,서울특별시 성북구 종암동,종암로,중상사고,0,1,0,0,차대차 - 측면충돌,차로위반,포장 - 건조,맑음,교차로 - 교차로안,승용,남,62세,상해없음,자전거,남,74세,중상
2.02E+15,2019년 6월 21일 17시,금요일,서울특별시 성북구 하월곡동,화랑로,중상사고,0,1,1,0,차대차 - 측면충돌,안전거리미확보,포장 - 건조,맑음,교차로 - 교차로부근,승용,여,55세,상해없음,승용,남,74세,경상
2.02E+15,2019년 9월 24일 17시,화요일,서울특별시 성북구 하월곡동,동소문로44길,중상사고,0,1,0,0,차대사람 - 횡단중,기타,포장 - 건조,맑음,기타 - 기타,승용,남,23세,기타불명,보행자,여,74세,중상
2.02E+15,2019년 9월 11일 16시,수요일,서울특별시 성북구 장위동,화랑로25길,중상사고,0,1,0,0,차대사람 - 횡단중,안전운전불이행,포장 - 건조,맑음,교차로 - 교차로부근,승용,남,60세,상해없음,보행자,여,74세,중상
2.02E+15,2019년 4월 21일 16시,일요일,서울특별시 성북구 석관동,한천로76길,중상사고,0,1,0,0,차대사람 - 횡단중,보행자보호의무위반,포장 - 건조,맑음,단일로 - 기타,승용,남,41세,상해없음,보행자,여,74세,중상
2.02E+15,2019년 10월 12일 11시,토요일,서울특별시 성북구 성북동,성북로,경상사고,0,0,1,0,차대사람 - 기타,안전운전불이행,포장 - 건조,맑음,기타 - 기타,승용,여,59세,상해없음,보행자,남,73세,경상
2.02E+15,2019년 5월 29일 13시,수요일,서울특별시 성북구 동소문동5가,보문로40길,경상사고,0,0,1,0,차대사람 - 기타,안전운전불이행,포장 - 건조,맑음,단일로 - 기타,승용,남,33세,상해없음,보행자,여,73세,경상
2.02E+15,2019년 8월 20일 09시,화요일,서울특별시 성북구 동선동4가,아리랑로,경상사고,0,0,1,0,차대사람 - 횡단중,기타,포장 - 건조,맑음,단일로 - 기타,승용,남,79세,상해없음,보행자,여,73세,경상
2.02E+15,2019년 5월 21일 11시,화요일,서울특별시 성북구 보문동7가,보문로,경상사고,0,0,1,0,차대차 - 측면충돌,안전운전불이행,포장 - 건조,맑음,교차로 - 교차로안,화물,남,57세,상해없음,화물,남,73세,경상
2.02E+15,2019년 12월 3일 08시,화요일,서울특별시 성북구 정릉동,정릉로26길,중상사고,0,1,0,0,차대사람 - 기타,안전운전불이행,포장 - 건조,맑음,주차장 - 주차장,승합,남,71세,상해없음,보행자,여,73세,중상
2.02E+15,2019년 10월 8일 06시,화요일,서울특별시 성북구 정릉동,보국문로,부상신고사고,0,0,0,1,차대사람 - 횡단중,신호위반,포장 - 건조,맑음,단일로 - 기타,승용,여,26세,상해없음,보행자,남,73세,부상신고
2.02E+15,2019년 2월 24일 02시,일요일,서울특별시 성북구 종암동,종암로,경상사고,0,0,1,0,차대차 - 측면충돌,안전거리미확보,포장 - 건조,흐림,단일로 - 기타,승용,남,33세,상해없음,승용,남,73세,경상
2.02E+15,2019년 11월 13일 19시,수요일,서울특별시 성북구 장위동,장위로15길,경상사고,0,0,1,0,차대사람 - 차도통행중,안전운전불이행,포장 - 건조,맑음,교차로 - 교차로안,승용,남,24세,상해없음,보행자,남,73세,경상
2.02E+15,2019년 9월 24일 04시,화요일,서울특별시 성북구 정릉동,보국문로,중상사고,0,1,0,0,차대차 - 추돌,신호위반,포장 - 건조,맑음,교차로 - 교차로부근,승용,남,63세,상해없음,자전거,남,72세,중상
2.02E+15,2019년 1월 23일 09시,수요일,서울특별시 성북구 정릉동,솔샘로25길,경상사고,0,0,1,0,차대사람 - 횡단중,보행자보호의무위반,포장 - 건조,맑음,단일로 - 기타,승용,여,46세,상해없음,보행자,여,72세,경상
2.02E+15,2019년 8월 15일 13시,목요일,서울특별시 성북구 길음동,숭인로,경상사고,0,0,1,0,차대사람 - 기타,안전운전불이행,포장 - 젖음/습기,비,단일로 - 기타,기타불명,기타불명,미분류,기타불명,보행자,여,72세,경상
2.02E+15,2019년 12월 18일 14시,수요일,서울특별시 성북구 하월곡동,월계로,중상사고,0,1,0,0,차대차 - 측면충돌,신호위반,포장 - 건조,맑음,교차로 - 교차로부근,승용,남,48세,상해없음,이륜,남,72세,중상
2.02E+15,2019년 10월 8일 10시,화요일,서울특별시 성북구 하월곡동,정릉로,중상사고,0,1,0,0,차대사람 - 횡단중,안전운전불이행,포장 - 건조,맑음,교차로 - 교차로횡단보도내,화물,남,67세,상해없음,보행자,여,72세,중상
2.02E+15,2019년 10월 15일 17시,화요일,서울특별시 성북구 장위동,장월로,부상신고사고,0,0,0,1,차대차 - 측면충돌,중앙선침범,포장 - 건조,맑음,단일로 - 기타,이륜,남,25세,부상신고,승용,남,72세,상해없음
2.02E+15,2019년 12월 9일 15시,월요일,서울특별시 성북구 장위동,장월로,경상사고,0,0,1,0,차대사람 - 횡단중,보행자보호의무위반,포장 - 건조,흐림,단일로 - 기타,승용,남,42세,상해없음,보행자,남,72세,경상
2.02E+15,2019년 10월 5일 19시,토요일,서울특별시 성북구 장위동,한천로,경상사고,0,0,1,0,차대차 - 측면충돌,안전거리미확보,포장 - 건조,맑음,단일로 - 기타,승합,남,50세,상해없음,자전거,남,72세,경상
2.02E+15,2019년 11월 8일 22시,금요일,서울특별시 성북구 석관동,화랑로,경상사고,0,0,1,0,차대사람 - 횡단중,보행자보호의무위반,포장 - 건조,맑음,교차로 - 교차로안,승용,여,64세,상해없음,보행자,여,72세,경상
2.02E+15,2019년 4월 19일 16시,금요일,서울특별시 성북구 돈암동,북악산로,중상사고,0,2,4,0,차대차 - 측면충돌,안전운전불이행,포장 - 건조,맑음,교차로 - 교차로안,이륜,여,61세,경상,승용,여,71세,경상
2.02E+15,2019년 6월 15일 18시,토요일,서울특별시 성북구 정릉동,솔샘로11길,부상신고사고,0,0,0,1,차대차 - 측면충돌,직진우회전진행방해,포장 - 젖음/습기,비,교차로 - 교차로안,승용,남,47세,부상신고,승용,남,71세,상해없음
2.02E+15,2019년 1월 28일 08시,월요일,서울특별시 성북구 정릉동,솔샘로,중상사고,0,1,0,0,차대사람 - 횡단중,보행자보호의무위반,포장 - 건조,맑음,교차로 - 교차로횡단보도내,승용,남,37세,상해없음,보행자,남,71세,중상
2.02E+15,2019년 11월 11일 20시,월요일,서울특별시 성북구 하월곡동,화랑로,경상사고,0,0,1,0,차대사람 - 횡단중,보행자보호의무위반,포장 - 건조,맑음,교차로 - 교차로횡단보도내,승용,여,38세,상해없음,보행자,남,71세,경상
2.02E+15,2019년 3월 18일 05시,월요일,서울특별시 성북구 하월곡동,삼양로,경상사고,0,0,2,0,차대차 - 측면충돌,안전운전불이행,포장 - 건조,맑음,교차로 - 교차로안,승용,남,65세,상해없음,승용,남,71세,경상
2.02E+15,2019년 8월 1일 10시,목요일,서울특별시 성북구 상월곡동,장월로1길,중상사고,0,1,0,0,차대사람 - 횡단중,안전운전불이행,포장 - 건조,맑음,교차로 - 교차로안,승용,남,48세,상해없음,보행자,여,71세,중상
2.02E+15,2019년 4월 22일 16시,월요일,서울특별시 성북구 삼선동5가,보문로,경상사고,0,0,1,0,차대사람 - 횡단중,신호위반,포장 - 건조,맑음,교차로 - 교차로횡단보도내,이륜,남,43세,상해없음,보행자,여,70세,경상
2.02E+15,2019년 7월 29일 06시,월요일,서울특별시 성북구 안암동4가,안암로,중상사고,0,1,1,0,차대차 - 측면충돌,안전운전불이행,포장 - 건조,맑음,교차로 - 교차로부근,승용,남,41세,상해없음,원동기,남,70세,경상
2.02E+15,2019년 12월 28일 05시,토요일,서울특별시 성북구 안암동5가,안암로,경상사고,0,0,1,0,차대차 - 측면충돌,안전거리미확보,포장 - 건조,맑음,단일로 - 기타,화물,남,52세,상해없음,승용,남,70세,경상
2.02E+15,2019년 10월 8일 14시,화요일,서울특별시 성북구 정릉동,보국문로,중상사고,0,1,0,0,차대차 - 측면충돌,안전운전불이행,포장 - 건조,맑음,단일로 - 기타,승용,남,62세,상해없음,이륜,남,70세,중상
2.02E+15,2019년 12월 5일 22시,목요일,서울특별시 성북구 정릉동,아리랑로,중상사고,0,1,0,0,차대사람 - 횡단중,보행자보호의무위반,포장 - 건조,맑음,단일로 - 기타,승용,남,47세,상해없음,보행자,여,70세,중상
2.02E+15,2019년 4월 1일 14시,월요일,서울특별시 성북구 길음동,삼양로13길,중상사고,0,1,0,0,차대차 - 후진중충돌,불법유턴,포장 - 건조,맑음,단일로 - 기타,승용,여,37세,상해없음,자전거,남,70세,중상
2.02E+15,2019년 2월 22일 05시,금요일,서울특별시 성북구 길음동,동소문로,중상사고,0,1,0,0,차대차 - 측면충돌,신호위반,포장 - 건조,맑음,단일로 - 기타,승용,남,70세,상해없음,자전거,남,70세,중상
2.02E+15,2019년 10월 18일 02시,금요일,서울특별시 성북구 종암동,회기로,경상사고,0,0,1,0,차대차 - 측면충돌,중앙선침범,포장 - 건조,맑음,교차로 - 교차로횡단보도내,자전거,남,22세,경상,승용,남,70세,상해없음
2.02E+15,2019년 1월 30일 13시,수요일,서울특별시 성북구 종암동,종암로3길,중상사고,0,1,0,0,차대사람 - 기타,안전운전불이행,포장 - 건조,맑음,교차로 - 교차로부근,이륜,남,21세,상해없음,보행자,남,70세,중상
2.02E+15,2019년 11월 7일 20시,목요일,서울특별시 성북구 하월곡동,장월로1길,경상사고,0,0,1,0,차대차 - 측면충돌,안전운전불이행,포장 - 건조,맑음,교차로 - 교차로부근,승용,남,66세,상해없음,자전거,남,70세,경상
2.02E+15,2019년 4월 24일 05시,수요일,서울특별시 성북구 석관동,돌곶이로,경상사고,0,0,2,0,차대차 - 추돌,안전운전불이행,포장 - 건조,맑음,단일로 - 기타,승용,남,59세,상해없음,승용,남,70세,경상
2.02E+15,2019년 11월 29일 17시,금요일,서울특별시 성북구 석관동,한천로76길,중상사고,0,1,0,0,차대차 - 기타,안전운전불이행,포장 - 건조,맑음,단일로 - 기타,이륜,남,21세,중상,승용,남,70세,상해없음
2.02E+15,2019년 3월 12일 03시,화요일,서울특별시 성북구 돈암동,정릉로,중상사고,0,1,0,0,차대차 - 측면충돌,안전운전불이행,포장 - 건조,맑음,단일로 - 고가도로위,승용,남,62세,상해없음,승용,남,69세,상해없음
2.02E+15,2019년 4월 20일 03시,토요일,서울특별시 성북구 동소문동3가,동소문로,경상사고,0,0,1,0,차대차 - 추돌,안전운전불이행,포장 - 건조,맑음,단일로 - 기타,승용,남,64세,상해없음,승용,남,69세,경상
2.02E+15,2019년 4월 13일 19시,토요일,서울특별시 성북구 동선동2가,고려대로7길,중상사고,0,1,0,0,차대사람 - 횡단중,안전운전불이행,포장 - 건조,맑음,단일로 - 기타,이륜,남,27세,상해없음,보행자,여,69세,중상
2.02E+15,2019년 1월 27일 05시,일요일,서울특별시 성북구 안암동5가,고려대로24길,경상사고,0,0,3,0,차대차 - 측면충돌,신호위반,포장 - 건조,맑음,교차로 - 교차로안,승용,남,58세,상해없음,승용,남,69세,경상
2.02E+15,2019년 10월 12일 22시,토요일,서울특별시 성북구 정릉동,정릉로,경상사고,0,0,1,0,차대사람 - 횡단중,안전운전불이행,포장 - 건조,맑음,교차로 - 교차로부근,승용,여,30세,상해없음,보행자,여,69세,경상
2.02E+15,2019년 8월 21일 16시,수요일,서울특별시 성북구 길음동,동소문로,경상사고,0,0,1,0,차대사람 - 기타,기타,포장 - 건조,맑음,단일로 - 기타,승합,남,57세,상해없음,보행자,여,69세,경상
2.02E+15,2019년 11월 29일 10시,금요일,서울특별시 성북구 종암동,월곡로,경상사고,0,0,1,0,차대사람 - 횡단중,안전운전불이행,포장 - 건조,맑음,기타 - 기타,승용,남,68세,상해없음,보행자,여,69세,경상
2.02E+15,2019년 3월 23일 14시,토요일,서울특별시 성북구 종암동,회기로,경상사고,0,0,1,0,차대차 - 추돌,안전운전불이행,포장 - 젖음/습기,비,단일로 - 교량,화물,남,57세,상해없음,승용,남,69세,경상
2.02E+15,2019년 9월 2일 19시,월요일,서울특별시 성북구 하월곡동,화랑로14길,경상사고,0,0,1,0,차대차 - 측면충돌,안전운전불이행,포장 - 건조,맑음,교차로 - 교차로안,승용,남,53세,상해없음,이륜,남,69세,경상
2.02E+15,2019년 4월 21일 12시,일요일,서울특별시 성북구 하월곡동,정릉로,경상사고,0,0,2,0,차대차 - 측면충돌,안전운전불이행,포장 - 건조,맑음,교차로 - 교차로안,승용,남,22세,상해없음,승용,남,69세,경상
2.02E+15,2019년 9월 28일 00시,토요일,서울특별시 성북구 하월곡동,정릉로,경상사고,0,0,1,0,차대차 - 측면충돌,안전운전불이행,포장 - 건조,맑음,교차로 - 교차로부근,승용,남,22세,상해없음,승용,남,69세,상해없음
2.02E+15,2019년 8월 5일 15시,월요일,서울특별시 성북구 장위동,장월로,중상사고,0,1,0,0,차대차 - 측면충돌,안전운전불이행,포장 - 건조,맑음,교차로 - 교차로안,건설기계,남,63세,상해없음,이륜,남,69세,중상
2.02E+15,2019년 7월 30일 08시,화요일,서울특별시 성북구 장위동,장월로,경상사고,0,0,2,0,차대차 - 측면충돌,신호위반,포장 - 건조,맑음,단일로 - 기타,승용,남,64세,상해없음,승용,남,69세,경상
2.02E+15,2019년 3월 3일 13시,일요일,서울특별시 성북구 석관동,돌곶이로,경상사고,0,0,3,0,차대차 - 정면충돌,안전운전불이행,포장 - 건조,맑음,교차로 - 교차로안,승용,여,44세,상해없음,승용,남,69세,경상
2.02E+15,2019년 4월 11일 04시,목요일,서울특별시 성북구 석관동,화랑로,중상사고,0,1,0,0,차대차 - 측면충돌,안전운전불이행,포장 - 건조,맑음,교차로 - 교차로부근,승합,남,65세,상해없음,자전거,남,69세,중상
2.02E+15,2019년 12월 31일 19시,화요일,서울특별시 성북구 돈암동,정릉로48길,경상사고,0,0,1,0,차대사람 - 횡단중,보행자보호의무위반,포장 - 건조,맑음,교차로 - 교차로횡단보도내,승용,여,68세,상해없음,보행자,여,68세,경상
2.02E+15,2019년 7월 13일 04시,토요일,서울특별시 성북구 돈암동,동소문로,경상사고,0,0,1,0,차대차 - 측면충돌,안전거리미확보,포장 - 건조,맑음,단일로 - 기타,승용,남,67세,상해없음,승용,남,68세,경상
2.02E+15,2019년 10월 4일 15시,금요일,서울특별시 성북구 삼선동5가,보문로,경상사고,0,0,1,0,차대차 - 측면충돌,안전운전불이행,포장 - 건조,맑음,교차로 - 교차로부근,승용,남,69세,상해없음,승합,남,68세,상해없음
2.02E+15,2019년 8월 18일 11시,일요일,서울특별시 성북구 동선동4가,동소문로,경상사고,0,0,1,0,차대사람 - 횡단중,안전운전불이행,포장 - 건조,맑음,단일로 - 기타,승합,남,43세,상해없음,보행자,여,68세,경상
2.02E+15,2019년 9월 10일 17시,화요일,서울특별시 성북구 정릉동,솔샘로,중상사고,0,1,0,0,차대차 - 추돌,안전운전불이행,포장 - 젖음/습기,비,단일로 - 터널,화물,남,60세,상해없음,승용,남,68세,중상
2.02E+15,2019년 3월 24일 22시,일요일,서울특별시 성북구 정릉동,정릉로,경상사고,0,0,1,0,차대차 - 측면충돌,안전운전불이행,포장 - 건조,맑음,단일로 - 기타,이륜,남,49세,경상,승용,남,68세,상해없음
2.02E+15,2019년 11월 28일 00시,목요일,서울특별시 성북구 하월곡동,정릉로,경상사고,0,0,1,0,차대차 - 추돌,안전운전불이행,포장 - 건조,맑음,단일로 - 교량,승용,남,41세,상해없음,승용,남,68세,경상
2.02E+15,2019년 3월 12일 18시,화요일,서울특별시 성북구 하월곡동,종암로,중상사고,0,1,0,0,차대차 - 측면충돌,안전거리미확보,포장 - 건조,맑음,단일로 - 기타,화물,남,71세,상해없음,이륜,남,68세,중상
2.02E+15,2019년 1월 31일 19시,목요일,서울특별시 성북구 하월곡동,월곡로,중상사고,0,1,0,0,차대차 - 측면충돌,안전거리미확보,포장 - 건조,맑음,교차로 - 교차로부근,승용,여,44세,상해없음,승용,여,68세,중상
2.02E+15,2019년 12월 28일 17시,토요일,서울특별시 성북구 장위동,화랑로25길,경상사고,0,0,1,0,차대사람 - 길가장자리구역통행중,안전운전불이행,포장 - 건조,맑음,기타 - 기타,화물,남,52세,상해없음,보행자,여,68세,경상
2.02E+15,2019년 11월 19일 14시,화요일,서울특별시 성북구 장위동,한천로,중상사고,0,1,0,0,차대차 - 추돌,안전거리미확보,포장 - 건조,맑음,단일로 - 기타,건설기계,남,38세,상해없음,자전거,남,68세,중상
2.02E+15,2019년 7월 24일 08시,수요일,서울특별시 성북구 석관동,돌곶이로,중상사고,0,1,0,0,차대차 - 측면충돌,신호위반,포장 - 건조,맑음,교차로 - 교차로횡단보도내,승합,남,41세,상해없음,자전거,남,68세,중상
2.02E+15,2019년 5월 21일 17시,화요일,서울특별시 성북구 동소문동1가,성북로2길,중상사고,0,1,0,0,차대사람 - 기타,안전운전불이행,포장 - 건조,맑음,단일로 - 기타,승용,남,56세,상해없음,보행자,여,67세,중상
2.02E+15,2019년 7월 2일 09시,화요일,서울특별시 성북구 삼선동1가,삼선교로,중상사고,0,1,0,0,차대차 - 측면충돌,신호위반,포장 - 건조,맑음,단일로 - 기타,승용,남,55세,상해없음,이륜,남,67세,중상
2.02E+15,2019년 10월 1일 17시,화요일,서울특별시 성북구 안암동5가,고려대로,경상사고,0,0,1,0,차대사람 - 기타,기타,포장 - 건조,맑음,단일로 - 기타,승합,남,70세,상해없음,보행자,여,67세,경상
2.02E+15,2019년 7월 26일 15시,금요일,서울특별시 성북구 보문동5가,지봉로20길,중상사고,0,1,0,0,차대사람 - 횡단중,보행자보호의무위반,포장 - 젖음/습기,비,단일로 - 기타,화물,남,52세,상해없음,보행자,남,67세,중상
2.02E+15,2019년 9월 30일 12시,월요일,서울특별시 성북구 정릉동,보국문로,경상사고,0,0,1,0,차대사람 - 횡단중,신호위반,포장 - 건조,맑음,단일로 - 기타,승용,여,61세,상해없음,보행자,여,67세,경상
2.02E+15,2019년 5월 15일 11시,수요일,서울특별시 성북구 정릉동,정릉로,경상사고,0,0,1,0,차대차 - 측면충돌,안전거리미확보,포장 - 건조,맑음,단일로 - 기타,자전거,남,15세,경상,승용,남,67세,상해없음
2.02E+15,2019년 4월 22일 15시,월요일,서울특별시 성북구 길음동,정릉로,경상사고,0,0,2,0,차대차 - 측면충돌,안전운전불이행,포장 - 건조,맑음,교차로 - 교차로안,승용,여,35세,상해없음,승합,남,67세,상해없음
2.02E+15,2019년 5월 31일 14시,금요일,서울특별시 성북구 종암동,종암로,중상사고,0,1,0,0,차대사람 - 횡단중,안전운전불이행,포장 - 건조,맑음,단일로 - 기타,승합,남,45세,상해없음,보행자,여,67세,중상
2.02E+15,2019년 1월 22일 21시,화요일,서울특별시 성북구 종암동,종암로,부상신고사고,0,0,0,1,차대사람 - 횡단중,안전운전불이행,포장 - 건조,맑음,단일로 - 기타,승용,남,59세,상해없음,보행자,남,67세,부상신고
2.02E+15,2019년 11월 16일 17시,토요일,서울특별시 성북구 종암동,종암로,중상사고,0,1,0,0,차대차 - 측면충돌,안전운전불이행,포장 - 건조,맑음,교차로 - 교차로안,승용,남,69세,상해없음,이륜,남,67세,중상
2.02E+15,2019년 7월 26일 23시,금요일,서울특별시 성북구 종암동,월곡로,경상사고,0,0,1,0,차대차 - 측면충돌,신호위반,포장 - 젖음/습기,비,교차로 - 교차로안,승용,남,30세,상해없음,승용,남,67세,경상
2.02E+15,2019년 10월 8일 20시,화요일,서울특별시 성북구 하월곡동,삼양로,경상사고,0,0,1,0,차대차 - 측면충돌,안전운전불이행,포장 - 건조,맑음,기타 - 기타,화물,남,32세,상해없음,화물,남,67세,경상
2.02E+15,2019년 11월 18일 08시,월요일,서울특별시 성북구 장위동,월계로,중상사고,0,1,0,0,차대사람 - 횡단중,신호위반,포장 - 젖음/습기,흐림,단일로 - 기타,자전거,남,18세,상해없음,보행자,여,67세,중상
2.02E+15,2019년 10월 28일 18시,월요일,서울특별시 성북구 석관동,한천로,경상사고,0,0,1,0,차대사람 - 길가장자리구역통행중,보행자보호의무위반,포장 - 건조,맑음,단일로 - 기타,승용,남,52세,상해없음,보행자,남,67세,경상
2.02E+15,2019년 5월 11일 02시,토요일,서울특별시 성북구 석관동,한천로,경상사고,0,0,1,0,차대차 - 추돌,안전운전불이행,포장 - 건조,맑음,교차로 - 교차로부근,승용,남,61세,상해없음,승용,남,67세,경상
2.02E+15,2019년 2월 23일 13시,토요일,서울특별시 성북구 석관동,한천로76길,중상사고,0,1,0,0,차대사람 - 기타,안전운전불이행,포장 - 건조,맑음,교차로 - 교차로안,승용,남,62세,상해없음,보행자,여,67세,중상
2.02E+15,2019년 7월 28일 01시,일요일,서울특별시 성북구 석관동,화랑로,경상사고,0,0,2,0,차대차 - 측면충돌,안전거리미확보,포장 - 건조,맑음,단일로 - 고가도로위,승용,여,73세,상해없음,승용,여,67세,경상
2.02E+15,2019년 6월 25일 10시,화요일,서울특별시 성북구 성북동,성북로,경상사고,0,0,1,0,차대사람 - 횡단중,보행자보호의무위반,포장 - 건조,맑음,교차로 - 교차로부근,승용,남,64세,상해없음,보행자,남,66세,경상
2.02E+15,2019년 5월 14일 14시,화요일,서울특별시 성북구 돈암동,정릉로,경상사고,0,0,2,0,차대차 - 추돌,안전운전불이행,포장 - 건조,맑음,교차로 - 교차로부근,건설기계,남,41세,상해없음,승용,남,66세,경상
2.02E+15,2019년 1월 1일 09시,화요일,서울특별시 성북구 돈암동,정릉로,경상사고,0,0,1,0,차대차 - 측면충돌,안전운전불이행,포장 - 건조,맑음,단일로 - 기타,승용,남,36세,상해없음,승용,여,66세,경상
2.02E+15,2019년 5월 18일 14시,토요일,서울특별시 성북구 동소문동1가,동소문로,중상사고,0,1,1,0,차대차 - 추돌,안전거리미확보,포장 - 건조,맑음,단일로 - 기타,화물,남,23세,상해없음,승용,남,66세,경상
2.02E+15,2019년 3월 22일 16시,금요일,서울특별시 성북구 동소문동5가,동소문로,중상사고,0,1,0,0,차대차 - 추돌,안전운전불이행,포장 - 건조,맑음,단일로 - 기타,승용,여,40세,상해없음,이륜,남,66세,중상
2.02E+15,2019년 2월 23일 03시,토요일,서울특별시 성북구 동소문동5가,동소문로,경상사고,0,0,3,0,차대차 - 추돌,안전운전불이행,포장 - 건조,맑음,단일로 - 기타,승용,남,33세,상해없음,승용,남,66세,경상
2.02E+15,2019년 8월 24일 21시,토요일,서울특별시 성북구 동소문동7가,아리랑로5길,중상사고,0,1,0,0,차대사람 - 횡단중,안전운전불이행,포장 - 건조,맑음,교차로 - 교차로안,승용,남,19세,상해없음,보행자,남,66세,중상
2.02E+15,2019년 1월 11일 05시,금요일,서울특별시 성북구 삼선동5가,고려대로5길,중상사고,0,1,2,0,차대차 - 측면충돌,신호위반,포장 - 건조,맑음,교차로 - 교차로부근,승용,남,60세,상해없음,승용,남,66세,중상
2.02E+15,2019년 4월 8일 11시,월요일,서울특별시 성북구 정릉동,솔샘로,중상사고,0,1,0,0,차대사람 - 횡단중,신호위반,포장 - 건조,맑음,단일로 - 기타,승합,남,51세,상해없음,보행자,남,66세,중상
2.02E+15,2019년 1월 19일 19시,토요일,서울특별시 성북구 정릉동,동소문로,경상사고,0,0,4,0,차대차 - 측면충돌,안전거리미확보,포장 - 건조,맑음,단일로 - 기타,승합,남,37세,상해없음,승용,남,66세,경상
2.02E+15,2019년 4월 19일 11시,금요일,서울특별시 성북구 정릉동,정릉로,경상사고,0,0,1,1,차대차 - 측면충돌,신호위반,포장 - 건조,맑음,단일로 - 기타,승용,남,66세,상해없음,승용,남,66세,부상신고
2.02E+15,2019년 8월 12일 10시,월요일,서울특별시 성북구 정릉동,보국문로16길,중상사고,0,1,0,0,차대사람 - 기타,안전운전불이행,포장 - 젖음/습기,비,교차로 - 교차로안,승합,남,28세,상해없음,보행자,남,66세,중상
2.02E+15,2019년 10월 15일 03시,화요일,서울특별시 성북구 길음동,동소문로,중상사고,0,1,0,0,차대차 - 측면충돌,안전거리미확보,포장 - 건조,맑음,단일로 - 기타,이륜,남,35세,중상,승합,남,66세,상해없음
2.02E+15,2019년 10월 14일 11시,월요일,서울특별시 성북구 길음동,동소문로,경상사고,0,0,1,0,차대차 - 기타,신호위반,포장 - 건조,맑음,교차로 - 교차로안,승용,남,44세,상해없음,이륜,남,66세,경상
2.02E+15,2019년 10월 20일 09시,일요일,서울특별시 성북구 길음동,길음로13길,경상사고,0,0,1,0,차대사람 - 보도통행중,신호위반,포장 - 건조,맑음,교차로 - 교차로횡단보도내,승용,남,70세,상해없음,보행자,여,66세,경상
2.02E+15,2019년 4월 4일 18시,목요일,서울특별시 성북구 종암동,종암로,경상사고,0,0,1,0,차대차 - 추돌,안전운전불이행,포장 - 건조,맑음,단일로 - 기타,승용,남,40세,경상,승용,남,66세,상해없음
2.02E+15,2019년 8월 3일 22시,토요일,서울특별시 성북구 하월곡동,화랑로13길,경상사고,0,0,1,0,차대사람 - 횡단중,안전운전불이행,포장 - 건조,맑음,단일로 - 기타,이륜,남,23세,상해없음,보행자,남,66세,경상
2.02E+15,2019년 1월 1일 18시,화요일,서울특별시 성북구 하월곡동,화랑로,중상사고,0,1,0,0,차대사람 - 횡단중,신호위반,포장 - 건조,맑음,교차로 - 교차로안,승용,남,36세,상해없음,보행자,여,66세,중상
2.02E+15,2019년 12월 12일 20시,목요일,서울특별시 성북구 하월곡동,종암로,경상사고,0,0,1,0,차대차 - 기타,안전운전불이행,포장 - 건조,맑음,단일로 - 기타,승합,남,56세,상해없음,승용,남,66세,상해없음
2.02E+15,2019년 4월 19일 06시,금요일,서울특별시 성북구 하월곡동,화랑로,부상신고사고,0,0,0,1,차대차 - 측면충돌,안전거리미확보,포장 - 건조,흐림,교차로 - 교차로부근,이륜,남,61세,부상신고,화물,남,66세,상해없음
2.02E+15,2019년 5월 20일 12시,월요일,서울특별시 성북구 하월곡동,오패산로,중상사고,0,1,0,0,차대차 - 기타,기타,포장 - 건조,맑음,교차로 - 교차로안,화물,남,26세,상해없음,기타불명,여,66세,중상
2.02E+15,2019년 4월 13일 16시,토요일,서울특별시 성북구 상월곡동,화랑로,경상사고,0,0,1,0,차대차 - 측면충돌,신호위반,포장 - 건조,맑음,단일로 - 기타,승용,남,59세,상해없음,승용,남,66세,경상
2.02E+15,2019년 3월 17일 17시,일요일,서울특별시 성북구 장위동,화랑로,중상사고,0,1,0,0,차대사람 - 기타,기타,포장 - 건조,맑음,교차로 - 교차로부근,승용,남,52세,상해없음,보행자,남,66세,중상
2.02E+15,2019년 10월 15일 12시,화요일,서울특별시 성북구 석관동,한천로58길,경상사고,0,0,1,0,차대차 - 측면충돌,안전운전불이행,포장 - 건조,맑음,단일로 - 기타,승용,여,55세,상해없음,승용,남,66세,경상
2.02E+15,2019년 8월 19일 16시,월요일,서울특별시 성북구 성북동,성북로,경상사고,0,0,1,0,차대사람 - 보도통행중,기타,포장 - 건조,맑음,단일로 - 기타,화물,남,56세,상해없음,보행자,남,65세,경상
2.02E+15,2019년 11월 21일 17시,목요일,서울특별시 성북구 성북동,성북로23길,중상사고,0,1,0,0,차대차 - 기타,직진우회전진행방해,포장 - 건조,맑음,교차로 - 교차로안,승합,남,64세,상해없음,자전거,남,65세,중상
2.02E+15,2019년 5월 27일 08시,월요일,서울특별시 성북구 돈암동,동소문로,경상사고,0,0,1,0,차대차 - 추돌,안전운전불이행,포장 - 건조,맑음,단일로 - 기타,승용,남,36세,상해없음,승용,남,65세,경상
2.02E+15,2019년 10월 13일 21시,일요일,서울특별시 성북구 돈암동,정릉로,경상사고,0,0,2,0,차대차 - 추돌,안전거리미확보,포장 - 건조,맑음,단일로 - 고가도로위,승용,남,39세,기타불명,승용,남,65세,경상
2.02E+15,2019년 8월 19일 16시,월요일,서울특별시 성북구 돈암동,동소문로,경상사고,0,0,2,0,차대차 - 측면충돌,차로위반,포장 - 건조,맑음,단일로 - 기타,승용,여,41세,상해없음,승용,남,65세,상해없음
2.02E+15,2019년 8월 28일 00시,수요일,서울특별시 성북구 동소문동3가,보문로,경상사고,0,0,2,1,차대차 - 측면충돌,신호위반,포장 - 건조,맑음,교차로 - 교차로안,화물,남,55세,상해없음,승용,남,65세,부상신고
2.02E+15,2019년 7월 19일 04시,금요일,서울특별시 성북구 동소문동3가,동소문로,경상사고,0,0,2,0,차대차 - 추돌,안전운전불이행,포장 - 건조,맑음,단일로 - 기타,이륜,남,35세,경상,승용,남,65세,상해없음
2.02E+15,2019년 3월 4일 23시,월요일,서울특별시 성북구 동선동2가,고려대로7길,경상사고,0,0,1,0,차대차 - 측면충돌,안전운전불이행,포장 - 건조,맑음,단일로 - 기타,승용,남,70세,상해없음,승용,남,65세,경상
2.02E+15,2019년 5월 14일 00시,화요일,서울특별시 성북구 동선동2가,보문로30길,경상사고,0,0,1,0,차대차 - 추돌,안전운전불이행,포장 - 건조,맑음,단일로 - 기타,이륜,남,19세,경상,승용,남,65세,상해없음
2.02E+15,2019년 10월 2일 11시,수요일,서울특별시 성북구 안암동5가,안암로,경상사고,0,0,1,0,차대차 - 측면충돌,신호위반,포장 - 젖음/습기,비,교차로 - 교차로횡단보도내,승용,남,41세,경상,승용,남,65세,상해없음
2.02E+15,2019년 11월 2일 05시,토요일,서울특별시 성북구 길음동,삼양로,경상사고,0,0,3,0,차대차 - 추돌,안전거리미확보,포장 - 건조,맑음,단일로 - 기타,승용,남,40세,상해없음,승용,여,65세,경상
2.02E+15,2019년 12월 17일 10시,화요일,서울특별시 성북구 하월곡동,화랑로,경상사고,0,0,2,0,차대차 - 측면충돌,안전거리미확보,포장 - 건조,맑음,단일로 - 기타,승합,남,67세,상해없음,승용,남,65세,경상
2.02E+15,2019년 2월 25일 06시,월요일,서울특별시 성북구 장위동,장월로,사망사고,1,0,0,0,차대차 - 측면충돌,안전운전불이행,포장 - 건조,맑음,교차로 - 교차로안,건설기계,남,53세,상해없음,자전거,여,65세,사망
2.02E+15,2019년 6월 30일 16시,일요일,서울특별시 성북구 장위동,돌곶이로,경상사고,0,0,1,0,차대차 - 측면충돌,안전운전불이행,포장 - 건조,맑음,교차로 - 교차로안,승용,여,36세,상해없음,이륜,남,65세,경상
2.02E+15,2019년 8월 15일 22시,목요일,서울특별시 성북구 장위동,장위로,경상사고,0,0,1,0,차대차 - 기타,안전운전불이행,포장 - 건조,맑음,단일로 - 기타,자전거,남,63세,경상,승용,남,65세,상해없음
2.02E+15,2019년 4월 8일 13시,월요일,서울특별시 성북구 장위동,화랑로,경상사고,0,0,3,0,차대차 - 측면충돌,안전운전불이행,포장 - 건조,맑음,단일로 - 기타,건설기계,남,53세,경상,승용,남,65세,경상
2.02E+15,2019년 11월 5일 17시,화요일,서울특별시 성북구 장위동,화랑로,중상사고,0,1,0,1,차대차 - 기타,교차로운행방법위반,포장 - 건조,맑음,단일로 - 기타,승용,여,52세,상해없음,이륜,남,65세,중상
2.02E+15,2019년 5월 15일 18시,수요일,서울특별시 성북구 석관동,한천로66길,경상사고,0,0,2,0,차대차 - 추돌,안전거리미확보,포장 - 건조,맑음,교차로 - 교차로안,이륜,남,59세,경상,승용,남,65세,경상
2.02E+15,2019년 11월 10일 19시,일요일,서울특별시 성북구 석관동,한천로,경상사고,0,0,2,0,차대차 - 측면충돌,신호위반,포장 - 젖음/습기,비,교차로 - 교차로안,승용,남,30세,상해없음,승용,남,65세,경상
